{
    "icons":
    [
        {
            "icon": "icons8-dashboard-64.png",
            "name": "dashboard"
        },
        {
            "icon": "icons8-empty-67.png",
            "name": "empty"
        },
        {
            "icon": "icons8-print-file-64.png",
            "name": "print"
        },
        {
            "icon": "icons8-edit-64.png",
            "name": "edit"
        },
        {
            "icon": "icons8-trash-64.png",
            "name": "delete"
        },
        {
            "icon": "icons8-go-back-64.png",
            "name": "up-directory"
        },
        {
            "icon": "icons8-refresh-64.png",
            "name": "refresh"
        },
        {
            "icon": "icons8-upload-64.png",
            "name": "file-upload"
        },
        {
            "icon": "icons8-add-folder-64.png",
            "name": "folder-create"
        },
        {
            "icon": "icons8-download-folder-90.png",
            "name": "folder-download"
        },
        {
            "icon": "icons8-add-64.png",
            "name": "add"
        },
        {
            "icon": "icons8-save-100.png",
            "name": "save"
        },
        {
            "icon": "icons8-multiply-64.png",
            "name": "multiply"
        },
        {
            "icon": "icons8-update-64.png",
            "name": "update"
        },
        {
            "icon": "icons8-users-64.png",
            "name": "users"
        },
        {
            "icon": "icons8-system-information-64.png",
            "name": "system"
        },
        {
            "icon": "icons8-cloud-networking-64.png",
            "name": "network"
        },
        {
            "icon": "icons8-integrated-circuit-64.png",
            "name": "mcu"
        },
        {
            "icon": "icons8-no-connection-64.png",
            "name": "no-connection"
        },
        {
            "icon": "icons8-connect-64.png",
            "name": "connect"
        },
        {
            "icon": "extruder-icon-64.png",
            "name": "extruder"
        },
        {
            "icon": "extruder-settings-icon-64.png",
            "name": "extruder-settings"
        },
        {
            "icon": "icons8-temperature-alt-64.png",
            "name": "temperature"
        },
        {
            "icon": "icons8-speed-90.png",
            "name": "extrusion-factor"
        },
        {
            "icon": "icons8-settings-50.png",
            "name": "settings"
        },
        {
            "icon": "icons8-triangle-50.png",
            "name": "material-extrude"
        },
        {
            "icon": "icons8-triangle-inverse-50.png",
            "name": "material-retract"
        },
        {
            "icon": "icons8-gas-industry-64.png",
            "name": "preheat"
        },
        {
            "icon": "icons8-3d-printer-64.png",
            "name": "printer"
        },
        {
            "icon": "icons8-3d-printer-add-64.png",
            "name": "printer-add"
        },
        {
            "icon": "icons8-3d-printer-remove-64.png",
            "name": "printer-remove"
        },
        {
            "icon": "icons8-3d-printer-error-64.png",
            "name": "printer-error"
        },
        {
            "icon": "icons8-3d-printer-edit-64.png",
            "name": "printer-edit"
        },
        {
            "icon": "calibrate-screws-64.png",
            "name": "calibrate-screws"
        },
        {
            "icon": "mesh-calibrate-64.png",
            "name": "mesh-calibrate"
        },
        {
            "icon": "mesh-viewer-64.png",
            "name": "mesh-viewer"
        },
        {
            "icon": "mesh-info-64.png",
            "name": "mesh-info"
        },
        {
            "icon": "icons8-grid-50.png",
            "name": "mesh"
        },
        {
            "icon": "icons8-no-video-64.png",
            "name": "no-video"
        },
        {
            "icon": "icons8-mesh-64.png",
            "name": "bed-mesh"
        },
        {
            "icon": "icons8-health-symbol-64.png",
            "name": "health"
        },
        {
            "icon": "icons8-no-data-availible-96.png",
            "name": "no-data"
        },
        {
            "icon": "icons8-home-50.png",
            "name": "home"
        },
        {
            "icon": "icons8-threading-metal-90.png",
            "name": "adjustment-screw"
        },
        {
            "icon": "icons8-shooting-game-64.png",
            "name": "calibrate"
        },
        {
            "icon": "icons8-electrical-64.png",
            "name": "plug"
        },
        {
            "icon": "homeassistant-icon.png",
            "name": "homeassistant"
        },
        {
            "icon": "homeseer-icon.png",
            "name": "homeseer"
        },
        {
            "icon": "icons8-connection-64.png",
            "name": "connection"
        },
        {
            "icon": "icons8-power-64.png",
            "name": "power"
        },
        {
            "icon": "mqtt-icon.png",
            "name": "mqtt"
        },
        {
            "icon": "shelly-icon.png",
            "name": "shelly"
        },
        {
            "icon": "smartthings-icon.png",
            "name": "smartthings"
        },
        {
            "icon": "tasmota.png",
            "name": "tasmota"
        },
        {
            "icon": "tplink-icon.png",
            "name": "tplink"
        },
        {
            "icon": "icons8-power-device-64.png",
            "name": "power-device"
        },
        {
            "icon": "icons8-restart-64.png",
            "name": "restart"
        },
        {
            "icon": "icons8-accept-64.png",
            "name": "accept"
        },
        {
            "icon": "icons8-led-strip-64.png",
            "name": "led"
        },
        {
            "icon": "icons8-sensor-64.png",
            "name": "sensor"
        },
        {
            "icon": "icons8-sensors-64.png",
            "name": "sensors"
        },
        {
            "icon": "icons8-3d-printer-64.png",
            "name": "printer"
        },
        {
            "icon": "icons8-my-location-50.png",
            "name": "location"
        },
        {
            "icon": "icons8-height-96.png",
            "name": "height"
        },
        {
            "icon": "icons8-control-50.png",
            "name": "control"
        },
        {
            "icon": "icons8-controller-64.png",
            "name": "toolhead"
        },
        {
            "icon": "icons8-file-explorer-50.png",
            "name": "browser"
        },
        {
            "icon": "icons8-source-code-64.png",
            "name": "console"
        },
        {
            "icon": "icons8-gcode-64.png",
            "name": "gcode"
        },
        {
            "icon": "icons8-3d-printer-settings-64.png",
            "name": "printer-settings"
        },
        {
            "icon": "icons8-cooler-50.png",
            "name": "cooler"
        },
        {
            "icon": "icons8-webcam-64.png",
            "name": "webcam"
        },
        {
            "icon": "icons8-line-chart-80.png",
            "name": "chart"
        },
        {
            "icon": "icons8-cancel-64.png",
            "name": "cancel"
        },
        {
            "icon": "icons8-list-64.png",
            "name": "list"
        },
        {
            "icon": "icons8-voltage-100.png",
            "name": "voltage"
        },
        {
            "icon": "icons8-error-64.png",
            "name": "error"
        },
        {
            "icon": "icons8-stop-64.png",
            "name": "stop"
        },
        {
            "icon": "icons8-pause-64.png",
            "name": "pause"
        },
        {
            "icon": "icons8-firmware-error.png",
            "name": "firmware"
        },
        {
            "icon": "icons8-menu-64.png",
            "name": "menu"
        },
        {
            "icon": "icons8-minus-64.png",
            "name": "minus"
        },
        {
            "icon": "icons8-theme-64.png",
            "name": "theme"
        },
        {
            "icon": "zoffset-icon-64.png",
            "name": "zoffset"
        },
        {
            "name": "thumbs-up",
            "icon": "icons8-thumbs-up-100.png"
        },
        {
            "name": "thumbs-down",
            "icon": "icons8-thumbs-down-100.png"
        },
        {
            "name": "input-shaper",
            "icon": "icons8-impossible-shapes-64.png"
        }
    ]
}
